Churn_ID,Subscription_ID,Customer_ID,Churn_Date,Churn_Reason,Refund_Requested
CHN00001,SUB00002,CUST01027,2024-10-23,Competitor,No
CHN00002,SUB00007,CUST01358,2024-09-01,Competitor,No
CHN00003,SUB00015,CUST00561,2025-08-22,High Price,No
CHN00004,SUB00019,CUST01822,2025-05-28,Low Usage,No
CHN00005,SUB00021,CUST01356,2025-08-16,Business Closed,No
CHN00006,SUB00030,CUST01761,2025-07-17,Business Closed,No
CHN00007,SUB00034,CUST01223,2026-05-19,High Price,Yes
CHN00008,SUB00035,CUST01295,2026-07-10,High Price,No
CHN00009,SUB00039,CUST01254,2026-03-08,Competitor,No
CHN00010,SUB00044,CUST00940,2025-10-21,Poor Support,No
CHN00011,SUB00055,CUST01090,2026-06-28,Competitor,No
CHN00012,SUB00056,CUST00662,2025-01-29,Business Closed,No
CHN00013,SUB00062,CUST00073,2026-09-30,High Price,Yes
CHN00014,SUB00072,CUST00246,2026-09-30,Competitor,No
CHN00015,SUB00075,CUST01341,2025-07-03,Low Usage,Yes
CHN00016,SUB00079,CUST01155,2026-08-28,Low Usage,No
CHN00017,SUB00081,CUST00310,2026-07-21,High Price,Yes
CHN00018,SUB00086,CUST01385,2026-05-13,High Price,No
CHN00019,SUB00091,CUST01511,2026-03-20,Business Closed,No
CHN00020,SUB00092,CUST00623,2026-09-30,Poor Support,No
CHN00021,SUB00098,CUST01649,2026-07-20,Missing Features,No
CHN00022,SUB00109,CUST00887,2025-12-11,Low Usage,No
CHN00023,SUB00115,CUST00329,2025-07-19,Missing Features,No
CHN00024,SUB00130,CUST01843,2026-04-29,Low Usage,No
CHN00025,SUB00145,CUST01743,2026-09-30,Low Usage,No
CHN00026,SUB00147,CUST01324,2025-10-04,Low Usage,No
CHN00027,SUB00148,CUST01646,2025-11-11,Poor Support,No
CHN00028,SUB00152,CUST01444,2026-09-30,Business Closed,No
CHN00029,SUB00164,CUST01726,2025-08-05,Low Usage,No
CHN00030,SUB00167,CUST01516,2026-03-14,High Price,Yes
CHN00031,SUB00170,CUST01876,2025-05-08,Missing Features,No
CHN00032,SUB00179,CUST00306,2026-01-15,Business Closed,No
CHN00033,SUB00180,CUST01726,2025-12-23,Low Usage,No
CHN00034,SUB00182,CUST01113,2024-07-15,Missing Features,No
CHN00035,SUB00188,CUST01281,2024-10-31,Poor Support,No
CHN00036,SUB00191,CUST00443,2025-03-21,High Price,No
CHN00037,SUB00194,CUST00389,2026-09-30,Business Closed,Yes
CHN00038,SUB00205,CUST01410,2026-04-04,Poor Support,No
CHN00039,SUB00219,CUST01176,2024-12-01,Low Usage,No
CHN00040,SUB00221,CUST01207,2026-05-04,Competitor,No
CHN00041,SUB00230,CUST01751,2025-10-01,Competitor,Yes
CHN00042,SUB00231,CUST00497,2026-09-30,Poor Support,No
CHN00043,SUB00234,CUST01559,2025-10-27,Low Usage,No
CHN00044,SUB00236,CUST00910,2024-09-28,Competitor,Yes
CHN00045,SUB00237,CUST01471,2026-09-30,Poor Support,No
CHN00046,SUB00239,CUST00362,2024-09-04,Poor Support,No
CHN00047,SUB00249,CUST01873,2025-07-21,Poor Support,No
CHN00048,SUB00250,CUST01127,2025-08-21,Business Closed,No
CHN00049,SUB00253,CUST01696,2025-06-25,Business Closed,No
CHN00050,SUB00255,CUST00719,2025-12-17,Missing Features,No
CHN00051,SUB00257,CUST01020,2025-11-06,High Price,No
CHN00052,SUB00260,CUST01427,2026-06-27,Low Usage,No
CHN00053,SUB00262,CUST01773,2025-09-18,Competitor,No
CHN00054,SUB00264,CUST00011,2024-12-31,Competitor,No
CHN00055,SUB00267,CUST01039,2025-08-07,Low Usage,No
CHN00056,SUB00275,CUST01052,2026-08-01,Competitor,No
CHN00057,SUB00279,CUST01452,2026-09-30,Low Usage,No
CHN00058,SUB00291,CUST01128,2026-03-16,Poor Support,No
CHN00059,SUB00296,CUST01399,2026-07-02,High Price,No
CHN00060,SUB00302,CUST01159,2026-01-08,Business Closed,Yes
CHN00061,SUB00306,CUST01546,2025-07-20,High Price,No
CHN00062,SUB00311,CUST01182,2025-08-07,Business Closed,No
CHN00063,SUB00319,CUST01844,2026-09-30,Missing Features,No
CHN00064,SUB00324,CUST01775,2025-09-27,Low Usage,No
CHN00065,SUB00325,CUST00393,2026-09-30,Competitor,No
CHN00066,SUB00335,CUST01836,2026-01-21,Competitor,No
CHN00067,SUB00337,CUST01459,2025-10-01,Poor Support,No
CHN00068,SUB00338,CUST00442,2026-09-30,Poor Support,Yes
CHN00069,SUB00349,CUST00466,2024-12-07,Missing Features,Yes
CHN00070,SUB00350,CUST00839,2025-11-11,Business Closed,No
CHN00071,SUB00353,CUST01608,2025-09-24,Competitor,No
CHN00072,SUB00355,CUST00030,2025-02-27,High Price,No
CHN00073,SUB00360,CUST01258,2025-08-20,Low Usage,No
CHN00074,SUB00364,CUST01801,2024-09-10,Competitor,No
CHN00075,SUB00366,CUST01863,2025-11-07,Poor Support,No
CHN00076,SUB00369,CUST00698,2026-02-03,Missing Features,Yes
CHN00077,SUB00381,CUST01912,2024-11-21,High Price,No
CHN00078,SUB00387,CUST00353,2026-09-30,Missing Features,No
CHN00079,SUB00395,CUST00118,2025-05-24,Poor Support,No
CHN00080,SUB00405,CUST00244,2025-01-07,Business Closed,No
CHN00081,SUB00423,CUST01614,2026-09-30,Poor Support,No
CHN00082,SUB00427,CUST01277,2025-07-28,Low Usage,Yes
CHN00083,SUB00434,CUST01755,2026-01-31,High Price,No
CHN00084,SUB00440,CUST01180,2025-04-03,Poor Support,No
CHN00085,SUB00447,CUST01297,2026-09-30,Poor Support,No
CHN00086,SUB00448,CUST01604,2024-09-17,Competitor,Yes
CHN00087,SUB00458,CUST00323,2026-07-19,High Price,No
CHN00088,SUB00472,CUST01213,2024-12-22,Poor Support,No
CHN00089,SUB00477,CUST01732,2025-05-26,High Price,No
CHN00090,SUB00480,CUST01843,2025-10-05,Low Usage,No
CHN00091,SUB00481,CUST00271,2026-09-12,Poor Support,No
CHN00092,SUB00489,CUST00359,2024-04-21,High Price,No
CHN00093,SUB00493,CUST01713,2026-06-08,Competitor,Yes
CHN00094,SUB00494,CUST01193,2025-12-06,Business Closed,No
CHN00095,SUB00496,CUST00798,2024-10-12,Missing Features,No
CHN00096,SUB00501,CUST00211,2025-10-12,Competitor,No
CHN00097,SUB00504,CUST01786,2025-01-10,Missing Features,No
CHN00098,SUB00513,CUST00550,2025-09-18,High Price,No
CHN00099,SUB00514,CUST00681,2026-01-09,Business Closed,No
CHN00100,SUB00521,CUST00244,2025-11-10,Low Usage,No
CHN00101,SUB00524,CUST01071,2026-09-30,Competitor,No
CHN00102,SUB00529,CUST00907,2025-10-20,Missing Features,No
CHN00103,SUB00533,CUST01366,2025-06-12,Business Closed,No
CHN00104,SUB00539,CUST01796,2026-09-30,Missing Features,No
CHN00105,SUB00545,CUST00208,2026-09-30,Missing Features,No
CHN00106,SUB00546,CUST01953,2026-09-30,Business Closed,No
CHN00107,SUB00549,CUST00124,2025-02-22,Low Usage,No
CHN00108,SUB00551,CUST01353,2025-05-03,Low Usage,No
CHN00109,SUB00560,CUST00782,2026-09-30,Missing Features,No
CHN00110,SUB00569,CUST01735,2025-08-06,Poor Support,No
CHN00111,SUB00576,CUST00734,2026-01-04,Missing Features,No
CHN00112,SUB00580,CUST00207,2025-02-15,Low Usage,No
CHN00113,SUB00583,CUST01912,2025-01-29,Competitor,No
CHN00114,SUB00584,CUST00516,2026-09-30,Poor Support,No
CHN00115,SUB00585,CUST01181,2026-09-30,Competitor,No
CHN00116,SUB00586,CUST01785,2024-12-27,Missing Features,No
CHN00117,SUB00590,CUST01902,2025-12-11,Competitor,No
CHN00118,SUB00598,CUST00623,2026-09-26,Business Closed,No
CHN00119,SUB00600,CUST00240,2026-08-08,High Price,No
CHN00120,SUB00605,CUST00459,2026-05-08,Poor Support,No
CHN00121,SUB00606,CUST00070,2025-03-19,High Price,No
CHN00122,SUB00607,CUST00385,2026-09-30,Poor Support,No
CHN00123,SUB00611,CUST01750,2026-02-02,Low Usage,No
CHN00124,SUB00612,CUST00568,2026-09-30,Poor Support,No
CHN00125,SUB00616,CUST01711,2026-08-18,Low Usage,No
CHN00126,SUB00622,CUST01914,2026-09-05,High Price,No
CHN00127,SUB00649,CUST01441,2026-06-22,Competitor,No
CHN00128,SUB00651,CUST00383,2025-09-25,Low Usage,No
CHN00129,SUB00667,CUST01473,2026-07-27,Low Usage,Yes
CHN00130,SUB00669,CUST00257,2025-01-12,Missing Features,No
CHN00131,SUB00675,CUST01683,2024-06-15,Missing Features,No
CHN00132,SUB00676,CUST00316,2026-06-04,Poor Support,No
CHN00133,SUB00678,CUST00434,2026-07-19,Missing Features,No
CHN00134,SUB00682,CUST01169,2025-11-12,Business Closed,Yes
CHN00135,SUB00685,CUST00420,2026-01-07,Low Usage,No
CHN00136,SUB00702,CUST01194,2025-01-28,High Price,No
CHN00137,SUB00703,CUST01295,2025-02-23,Business Closed,No
CHN00138,SUB00713,CUST00374,2025-08-16,Low Usage,No
CHN00139,SUB00715,CUST01630,2026-09-30,Missing Features,No
CHN00140,SUB00720,CUST00713,2025-06-28,Poor Support,No
CHN00141,SUB00722,CUST01228,2026-07-17,Missing Features,No
CHN00142,SUB00725,CUST00601,2026-09-30,Competitor,No
CHN00143,SUB00727,CUST01597,2026-06-05,Low Usage,No
CHN00144,SUB00728,CUST01807,2026-09-30,Competitor,No
CHN00145,SUB00729,CUST01630,2026-09-30,High Price,No
CHN00146,SUB00740,CUST01439,2025-12-19,Poor Support,No
CHN00147,SUB00743,CUST01001,2026-09-11,Poor Support,No
CHN00148,SUB00749,CUST01365,2025-07-18,High Price,No
CHN00149,SUB00751,CUST01104,2025-11-04,Poor Support,No
CHN00150,SUB00761,CUST01316,2026-09-30,Competitor,Yes
CHN00151,SUB00763,CUST01846,2024-06-03,Business Closed,No
CHN00152,SUB00765,CUST00383,2026-09-30,Missing Features,No
CHN00153,SUB00767,CUST00493,2025-08-06,Competitor,No
CHN00154,SUB00776,CUST00880,2024-07-28,Business Closed,No
CHN00155,SUB00777,CUST00115,2025-11-09,Poor Support,No
CHN00156,SUB00780,CUST00814,2025-11-16,Low Usage,No
CHN00157,SUB00784,CUST01360,2026-09-22,Poor Support,Yes
CHN00158,SUB00785,CUST00336,2025-06-02,Competitor,No
CHN00159,SUB00786,CUST00922,2025-07-28,Competitor,Yes
CHN00160,SUB00793,CUST01690,2026-08-10,Business Closed,No
CHN00161,SUB00806,CUST01937,2025-10-02,Missing Features,No
CHN00162,SUB00811,CUST01673,2026-09-30,Poor Support,No
CHN00163,SUB00816,CUST00912,2024-06-29,Missing Features,No
CHN00164,SUB00822,CUST01451,2024-06-27,Business Closed,No
CHN00165,SUB00825,CUST01229,2025-12-20,Missing Features,No
CHN00166,SUB00832,CUST00653,2026-01-28,Business Closed,No
CHN00167,SUB00843,CUST00770,2026-07-04,Business Closed,No
CHN00168,SUB00844,CUST01202,2025-04-30,High Price,No
CHN00169,SUB00847,CUST01567,2026-02-15,Low Usage,No
CHN00170,SUB00867,CUST01811,2026-01-10,Low Usage,No
CHN00171,SUB00869,CUST00123,2026-04-14,Low Usage,No
CHN00172,SUB00872,CUST01643,2025-08-06,High Price,No
CHN00173,SUB00876,CUST00849,2024-08-08,Missing Features,No
CHN00174,SUB00877,CUST00607,2026-09-30,Competitor,No
CHN00175,SUB00880,CUST00566,2026-08-09,High Price,No
CHN00176,SUB00893,CUST00657,2026-05-17,Competitor,No
CHN00177,SUB00898,CUST00557,2026-01-09,Competitor,No
CHN00178,SUB00907,CUST01091,2025-08-22,High Price,No
CHN00179,SUB00911,CUST00778,2026-09-30,Poor Support,No
CHN00180,SUB00913,CUST00232,2026-09-06,Business Closed,Yes
CHN00181,SUB00916,CUST01092,2026-07-29,High Price,No
CHN00182,SUB00920,CUST01652,2025-05-31,Poor Support,No
CHN00183,SUB00922,CUST01717,2026-01-03,Competitor,No
CHN00184,SUB00937,CUST00501,2025-06-07,Business Closed,No
CHN00185,SUB00946,CUST00467,2025-08-19,Missing Features,No
CHN00186,SUB00953,CUST00890,2024-09-11,Missing Features,Yes
CHN00187,SUB00963,CUST01495,2026-04-25,Poor Support,No
CHN00188,SUB00966,CUST00663,2025-11-28,High Price,No
CHN00189,SUB00967,CUST00452,2026-09-30,Poor Support,Yes
CHN00190,SUB00968,CUST00277,2026-09-30,Missing Features,No
CHN00191,SUB00970,CUST01195,2024-08-29,Competitor,No
CHN00192,SUB00974,CUST00041,2025-11-24,Competitor,No
CHN00193,SUB00979,CUST01291,2025-02-25,Low Usage,No
CHN00194,SUB00982,CUST01852,2025-08-05,Poor Support,No
CHN00195,SUB00985,CUST01780,2026-09-30,High Price,No
CHN00196,SUB00987,CUST01526,2025-12-03,High Price,No
CHN00197,SUB00994,CUST01977,2025-11-20,Low Usage,No
CHN00198,SUB01005,CUST01331,2026-09-30,Low Usage,No
CHN00199,SUB01009,CUST01697,2025-10-10,Low Usage,No
CHN00200,SUB01010,CUST00797,2026-09-30,Missing Features,No
CHN00201,SUB01013,CUST01695,2026-03-15,Business Closed,No
CHN00202,SUB01014,CUST00080,2025-06-17,Poor Support,No
CHN00203,SUB01015,CUST01055,2026-09-30,Poor Support,No
CHN00204,SUB01016,CUST00985,2025-11-06,Business Closed,No
CHN00205,SUB01019,CUST00865,2025-12-25,Low Usage,No
CHN00206,SUB01025,CUST01577,2025-02-10,Competitor,No
CHN00207,SUB01032,CUST01954,2026-09-30,Missing Features,No
CHN00208,SUB01043,CUST01605,2026-08-04,Low Usage,No
CHN00209,SUB01045,CUST00067,2025-05-17,High Price,No
CHN00210,SUB01052,CUST00493,2024-04-08,Low Usage,Yes
CHN00211,SUB01053,CUST01725,2024-08-10,Poor Support,Yes
CHN00212,SUB01054,CUST00663,2025-11-26,Poor Support,No
CHN00213,SUB01056,CUST01980,2026-09-30,High Price,Yes
CHN00214,SUB01059,CUST00312,2025-04-01,Competitor,No
CHN00215,SUB01063,CUST00965,2025-10-29,High Price,No
CHN00216,SUB01065,CUST01661,2025-03-10,Low Usage,No
CHN00217,SUB01066,CUST00456,2025-06-14,Missing Features,No
CHN00218,SUB01073,CUST00121,2026-06-01,Low Usage,No
CHN00219,SUB01075,CUST01830,2025-07-26,Missing Features,No
CHN00220,SUB01076,CUST01506,2025-03-14,Competitor,No
CHN00221,SUB01080,CUST00772,2024-08-02,Competitor,No
CHN00222,SUB01090,CUST00917,2025-11-16,Poor Support,No
CHN00223,SUB01092,CUST01527,2025-01-04,Competitor,Yes
CHN00224,SUB01099,CUST00799,2025-10-10,Poor Support,No
CHN00225,SUB01100,CUST01524,2026-09-30,Missing Features,Yes
CHN00226,SUB01102,CUST00012,2025-01-30,Poor Support,No
CHN00227,SUB01106,CUST00643,2026-03-30,Business Closed,No
CHN00228,SUB01107,CUST01139,2026-09-30,High Price,No
CHN00229,SUB01108,CUST01242,2025-03-21,Business Closed,No
CHN00230,SUB01111,CUST00691,2024-11-28,Poor Support,No
CHN00231,SUB01126,CUST01648,2026-04-19,Poor Support,Yes
CHN00232,SUB01127,CUST00639,2025-04-08,Competitor,No
CHN00233,SUB01130,CUST01625,2026-01-08,Business Closed,No
CHN00234,SUB01137,CUST01536,2026-09-15,Business Closed,No
CHN00235,SUB01170,CUST00440,2026-09-30,Competitor,No
CHN00236,SUB01171,CUST00740,2025-07-12,Business Closed,No
CHN00237,SUB01173,CUST00264,2026-02-23,Missing Features,No
CHN00238,SUB01175,CUST00735,2026-09-30,Low Usage,No
CHN00239,SUB01179,CUST00993,2026-04-11,Low Usage,Yes
CHN00240,SUB01181,CUST00173,2024-12-09,Competitor,No
CHN00241,SUB01182,CUST00004,2026-09-30,Missing Features,No
CHN00242,SUB01183,CUST00854,2025-04-08,Business Closed,Yes
CHN00243,SUB01184,CUST01664,2026-03-09,Poor Support,No
CHN00244,SUB01187,CUST01134,2026-06-11,Poor Support,Yes
CHN00245,SUB01188,CUST01891,2026-09-30,Competitor,Yes
CHN00246,SUB01196,CUST01035,2026-09-30,High Price,Yes
CHN00247,SUB01197,CUST00344,2024-06-14,Missing Features,No
CHN00248,SUB01198,CUST01864,2024-11-09,Business Closed,No
CHN00249,SUB01203,CUST00342,2024-12-08,Low Usage,No
CHN00250,SUB01210,CUST00545,2025-06-20,Business Closed,No
CHN00251,SUB01215,CUST01726,2025-08-08,High Price,No
CHN00252,SUB01220,CUST00427,2026-05-29,Business Closed,No
CHN00253,SUB01223,CUST01460,2026-09-30,High Price,No
CHN00254,SUB01228,CUST01302,2026-04-04,Low Usage,No
CHN00255,SUB01237,CUST00208,2024-09-16,Missing Features,No
CHN00256,SUB01238,CUST01938,2024-10-06,High Price,No
CHN00257,SUB01243,CUST00204,2026-07-12,Poor Support,No
CHN00258,SUB01245,CUST01833,2026-05-19,Poor Support,No
CHN00259,SUB01248,CUST00443,2025-03-31,Business Closed,No
CHN00260,SUB01255,CUST01462,2025-11-03,Low Usage,No
CHN00261,SUB01258,CUST00387,2026-09-30,Business Closed,No
CHN00262,SUB01262,CUST01719,2024-11-28,Poor Support,No
CHN00263,SUB01270,CUST01170,2026-09-30,Low Usage,No
CHN00264,SUB01271,CUST00893,2026-07-11,Low Usage,No
CHN00265,SUB01273,CUST01255,2024-12-01,Missing Features,No
CHN00266,SUB01282,CUST00437,2026-05-24,High Price,No
CHN00267,SUB01285,CUST00345,2026-09-30,Missing Features,No
CHN00268,SUB01299,CUST01293,2025-01-30,Competitor,No
CHN00269,SUB01302,CUST01797,2025-01-31,Business Closed,No
CHN00270,SUB01303,CUST00268,2024-08-28,Low Usage,No
CHN00271,SUB01306,CUST01763,2025-03-10,Business Closed,No
CHN00272,SUB01308,CUST00377,2025-09-17,Low Usage,No
CHN00273,SUB01312,CUST01516,2025-10-23,Missing Features,No
CHN00274,SUB01318,CUST00039,2026-07-15,High Price,No
CHN00275,SUB01323,CUST01080,2026-09-30,High Price,Yes
CHN00276,SUB01332,CUST01630,2026-06-19,Business Closed,Yes
CHN00277,SUB01334,CUST00237,2025-02-05,High Price,No
CHN00278,SUB01340,CUST00473,2025-03-25,Business Closed,No
CHN00279,SUB01346,CUST01664,2025-12-09,High Price,No
CHN00280,SUB01350,CUST00768,2024-09-07,Low Usage,No
CHN00281,SUB01364,CUST00342,2025-05-07,Low Usage,No
CHN00282,SUB01365,CUST01195,2026-07-06,High Price,No
CHN00283,SUB01372,CUST00260,2026-04-08,Missing Features,No
CHN00284,SUB01375,CUST00095,2026-06-06,Business Closed,No
CHN00285,SUB01379,CUST00254,2025-04-03,Missing Features,No
CHN00286,SUB01380,CUST00007,2025-09-04,Low Usage,No
CHN00287,SUB01385,CUST00069,2026-09-29,Missing Features,No
CHN00288,SUB01396,CUST00912,2026-04-22,High Price,No
CHN00289,SUB01402,CUST01005,2026-09-30,Competitor,No
CHN00290,SUB01404,CUST00622,2026-01-19,Poor Support,No
CHN00291,SUB01407,CUST00210,2026-09-30,Poor Support,Yes
CHN00292,SUB01416,CUST01101,2026-08-15,Low Usage,No
CHN00293,SUB01417,CUST00769,2026-06-26,Business Closed,No
CHN00294,SUB01418,CUST00983,2025-07-09,High Price,Yes
CHN00295,SUB01421,CUST00579,2024-10-14,Competitor,No
CHN00296,SUB01423,CUST00740,2025-06-30,High Price,No
CHN00297,SUB01427,CUST00195,2025-06-07,High Price,No
CHN00298,SUB01430,CUST00359,2025-08-04,Low Usage,Yes
CHN00299,SUB01432,CUST01355,2025-02-19,Low Usage,No
CHN00300,SUB01435,CUST00828,2026-09-30,Poor Support,No
CHN00301,SUB01442,CUST00889,2026-09-30,Missing Features,No
CHN00302,SUB01443,CUST00991,2025-10-24,High Price,No
CHN00303,SUB01453,CUST00090,2026-09-30,Missing Features,Yes
CHN00304,SUB01454,CUST00720,2026-06-07,High Price,No
CHN00305,SUB01456,CUST00481,2026-03-06,High Price,No
CHN00306,SUB01458,CUST01101,2024-11-30,Business Closed,No
CHN00307,SUB01460,CUST00517,2025-06-24,Missing Features,No
CHN00308,SUB01467,CUST01476,2024-07-29,High Price,No
CHN00309,SUB01472,CUST00900,2024-07-07,High Price,No
CHN00310,SUB01473,CUST01502,2024-10-15,Business Closed,No
CHN00311,SUB01483,CUST01838,2025-02-21,High Price,No
CHN00312,SUB01485,CUST01866,2025-04-13,Low Usage,No
CHN00313,SUB01489,CUST01303,2026-04-15,Business Closed,No
CHN00314,SUB01491,CUST01094,2025-12-07,High Price,No
CHN00315,SUB01494,CUST01389,2026-04-09,Poor Support,No
CHN00316,SUB01496,CUST01869,2024-10-09,Business Closed,No
CHN00317,SUB01499,CUST01148,2026-03-23,Poor Support,No
CHN00318,SUB01502,CUST01320,2025-08-03,Missing Features,No
CHN00319,SUB01504,CUST01046,2024-05-29,Competitor,No
CHN00320,SUB01529,CUST01781,2024-12-21,High Price,Yes
CHN00321,SUB01537,CUST00024,2026-04-13,Competitor,No
CHN00322,SUB01549,CUST01474,2025-05-22,Missing Features,No
CHN00323,SUB01550,CUST00793,2026-02-05,Low Usage,No
CHN00324,SUB01552,CUST00492,2025-02-27,Business Closed,No
CHN00325,SUB01554,CUST01602,2026-04-27,Poor Support,No
CHN00326,SUB01567,CUST00170,2026-07-17,Low Usage,No
CHN00327,SUB01570,CUST00470,2025-08-25,High Price,No
CHN00328,SUB01573,CUST01042,2025-05-31,Competitor,No
CHN00329,SUB01582,CUST01655,2026-09-30,Poor Support,No
CHN00330,SUB01583,CUST00811,2025-03-20,Poor Support,No
CHN00331,SUB01586,CUST01593,2026-09-30,Missing Features,No
CHN00332,SUB01587,CUST00711,2025-12-06,Missing Features,No
CHN00333,SUB01591,CUST01942,2025-12-21,Low Usage,No
CHN00334,SUB01592,CUST01591,2025-12-15,Poor Support,Yes
CHN00335,SUB01594,CUST01465,2025-05-05,Poor Support,No
CHN00336,SUB01597,CUST00087,2025-07-23,Competitor,No
CHN00337,SUB01598,CUST00830,2025-10-04,Poor Support,No
CHN00338,SUB01607,CUST01699,2024-09-26,High Price,No
CHN00339,SUB01611,CUST01125,2026-01-10,High Price,No
CHN00340,SUB01613,CUST01966,2026-03-26,Missing Features,No
CHN00341,SUB01619,CUST00710,2025-02-05,High Price,No
CHN00342,SUB01641,CUST01057,2025-07-26,Poor Support,No
CHN00343,SUB01644,CUST01539,2024-10-20,Competitor,No
CHN00344,SUB01646,CUST01332,2026-09-30,High Price,No
CHN00345,SUB01649,CUST00070,2026-09-30,Competitor,Yes
CHN00346,SUB01656,CUST00481,2025-08-29,Business Closed,Yes
CHN00347,SUB01657,CUST01168,2025-06-27,High Price,No
CHN00348,SUB01662,CUST00845,2026-09-30,Business Closed,No
CHN00349,SUB01663,CUST01199,2026-09-30,Low Usage,No
CHN00350,SUB01664,CUST01868,2025-08-22,Low Usage,No
CHN00351,SUB01667,CUST01695,2026-05-16,High Price,No
CHN00352,SUB01671,CUST00018,2026-04-11,Low Usage,No
CHN00353,SUB01676,CUST01401,2026-08-25,Competitor,Yes
CHN00354,SUB01685,CUST01893,2025-02-27,Competitor,No
CHN00355,SUB01686,CUST01083,2026-09-30,Business Closed,No
CHN00356,SUB01692,CUST01259,2024-12-08,Poor Support,No
CHN00357,SUB01697,CUST00738,2026-01-11,Low Usage,No
CHN00358,SUB01705,CUST00547,2026-04-14,Competitor,No
CHN00359,SUB01716,CUST01759,2025-05-28,Poor Support,No
CHN00360,SUB01717,CUST00900,2024-11-30,Low Usage,Yes
CHN00361,SUB01724,CUST01923,2025-11-12,Missing Features,No
CHN00362,SUB01728,CUST00320,2025-11-08,Missing Features,Yes
CHN00363,SUB01730,CUST00382,2026-09-30,Business Closed,No
CHN00364,SUB01732,CUST01641,2026-09-30,Poor Support,No
CHN00365,SUB01748,CUST01682,2025-06-27,Competitor,No
CHN00366,SUB01749,CUST00391,2024-09-16,Poor Support,Yes
CHN00367,SUB01751,CUST01700,2026-09-30,Poor Support,No
CHN00368,SUB01764,CUST00234,2026-09-30,Business Closed,Yes
CHN00369,SUB01767,CUST00845,2026-09-30,Low Usage,No
CHN00370,SUB01768,CUST01256,2026-09-30,Business Closed,No
CHN00371,SUB01769,CUST01897,2024-11-26,Business Closed,No
CHN00372,SUB01773,CUST00890,2025-11-11,Poor Support,No
CHN00373,SUB01774,CUST01759,2024-10-24,Competitor,No
CHN00374,SUB01777,CUST01405,2024-09-23,Missing Features,No
CHN00375,SUB01791,CUST00135,2026-09-30,Low Usage,No
CHN00376,SUB01796,CUST01671,2025-03-29,Missing Features,No
CHN00377,SUB01798,CUST01320,2026-01-13,Business Closed,No
CHN00378,SUB01799,CUST01027,2025-01-25,Missing Features,No
CHN00379,SUB01801,CUST01730,2026-09-30,Low Usage,No
CHN00380,SUB01806,CUST00368,2025-11-09,Low Usage,No
CHN00381,SUB01813,CUST01050,2025-03-23,Competitor,No
CHN00382,SUB01826,CUST00619,2024-11-24,Poor Support,No
CHN00383,SUB01827,CUST01170,2026-02-01,Competitor,No
CHN00384,SUB01829,CUST00101,2026-09-30,High Price,No
CHN00385,SUB01833,CUST01265,2025-10-27,Competitor,No
CHN00386,SUB01835,CUST00759,2025-02-18,Low Usage,No
CHN00387,SUB01837,CUST01908,2025-05-13,Missing Features,No
CHN00388,SUB01847,CUST01935,2026-09-30,Low Usage,No
CHN00389,SUB01850,CUST01187,2026-09-30,Business Closed,Yes
CHN00390,SUB01856,CUST00983,2025-05-17,Low Usage,No
CHN00391,SUB01862,CUST01885,2025-09-26,Low Usage,No
CHN00392,SUB01863,CUST00600,2025-01-04,High Price,No
CHN00393,SUB01865,CUST01433,2025-05-10,Poor Support,No
CHN00394,SUB01867,CUST01751,2026-07-20,Missing Features,No
CHN00395,SUB01898,CUST01911,2025-09-12,Business Closed,No
CHN00396,SUB01916,CUST01020,2025-08-30,High Price,No
CHN00397,SUB01917,CUST01912,2025-02-09,Poor Support,No
CHN00398,SUB01922,CUST00531,2024-07-04,Competitor,Yes
CHN00399,SUB01923,CUST00127,2026-07-01,Competitor,No
CHN00400,SUB01927,CUST00966,2025-10-22,Business Closed,No
CHN00401,SUB01929,CUST00464,2024-10-24,Competitor,Yes
CHN00402,SUB01940,CUST01464,2024-07-21,Low Usage,No
CHN00403,SUB01946,CUST00970,2025-04-25,High Price,Yes
CHN00404,SUB01951,CUST00676,2026-09-30,Low Usage,No
CHN00405,SUB01952,CUST00659,2025-12-26,Low Usage,No
CHN00406,SUB01954,CUST00666,2024-08-16,Low Usage,Yes
CHN00407,SUB01958,CUST00643,2024-05-29,Competitor,No
CHN00408,SUB01959,CUST01894,2025-09-06,Competitor,No
CHN00409,SUB01962,CUST00450,2026-09-02,Poor Support,No
CHN00410,SUB01963,CUST00095,2024-08-17,Low Usage,No
CHN00411,SUB01981,CUST00055,2026-06-24,High Price,No
CHN00412,SUB01984,CUST01565,2025-11-28,Missing Features,No
CHN00413,SUB01987,CUST01690,2026-06-18,Business Closed,No
CHN00414,SUB01994,CUST00259,2026-09-30,Competitor,No
CHN00415,SUB02008,CUST01462,2024-09-05,Business Closed,No
CHN00416,SUB02018,CUST00320,2025-12-30,Missing Features,No
CHN00417,SUB02019,CUST01418,2025-09-18,High Price,No
CHN00418,SUB02024,CUST00061,2026-03-22,Poor Support,No
CHN00419,SUB02028,CUST01119,2026-07-01,Competitor,No
CHN00420,SUB02032,CUST00661,2025-10-11,Missing Features,No
CHN00421,SUB02040,CUST01923,2025-07-31,Poor Support,No
CHN00422,SUB02041,CUST01360,2025-02-11,Missing Features,No
CHN00423,SUB02058,CUST01464,2026-09-30,Low Usage,No
CHN00424,SUB02060,CUST00816,2025-09-08,Low Usage,No
CHN00425,SUB02065,CUST01823,2026-08-04,Business Closed,No
CHN00426,SUB02068,CUST00505,2025-03-25,Competitor,No
CHN00427,SUB02070,CUST00772,2025-12-17,Business Closed,No
CHN00428,SUB02073,CUST00740,2025-11-24,Missing Features,No
CHN00429,SUB02085,CUST00492,2025-06-29,Low Usage,No
CHN00430,SUB02093,CUST00970,2026-09-30,Missing Features,No
CHN00431,SUB02097,CUST01907,2025-03-12,Poor Support,No
CHN00432,SUB02099,CUST00162,2026-09-11,Competitor,No
CHN00433,SUB02100,CUST00869,2026-09-30,Missing Features,No
CHN00434,SUB02103,CUST00125,2026-04-08,High Price,No
CHN00435,SUB02107,CUST01931,2026-01-15,Poor Support,No
CHN00436,SUB02120,CUST00856,2026-09-30,Poor Support,No
CHN00437,SUB02127,CUST00449,2025-07-28,Business Closed,No
CHN00438,SUB02130,CUST01138,2024-09-04,Missing Features,No
CHN00439,SUB02132,CUST01807,2025-09-09,Poor Support,No
CHN00440,SUB02133,CUST01523,2024-10-04,Low Usage,No
CHN00441,SUB02135,CUST01569,2025-02-24,Poor Support,No
CHN00442,SUB02147,CUST00595,2024-09-29,Poor Support,No
CHN00443,SUB02152,CUST01036,2026-09-30,Business Closed,Yes
CHN00444,SUB02156,CUST00001,2025-07-15,Poor Support,No
CHN00445,SUB02157,CUST01459,2026-04-15,Competitor,Yes
CHN00446,SUB02167,CUST01204,2026-03-17,Low Usage,No
CHN00447,SUB02172,CUST01045,2026-09-30,Poor Support,Yes
CHN00448,SUB02176,CUST00578,2026-09-30,High Price,No
CHN00449,SUB02178,CUST01799,2026-09-30,Missing Features,Yes
CHN00450,SUB02188,CUST00929,2025-10-04,High Price,No
CHN00451,SUB02189,CUST00794,2026-09-30,Poor Support,No
CHN00452,SUB02190,CUST01602,2025-10-04,Poor Support,No
CHN00453,SUB02192,CUST00319,2025-01-09,Poor Support,No
CHN00454,SUB02195,CUST00698,2026-09-30,Missing Features,No
CHN00455,SUB02201,CUST00042,2026-08-06,Missing Features,No
CHN00456,SUB02203,CUST01721,2026-09-30,Poor Support,No
CHN00457,SUB02205,CUST01531,2025-06-29,Business Closed,Yes
CHN00458,SUB02209,CUST01650,2025-08-05,Business Closed,No
CHN00459,SUB02214,CUST01584,2026-09-30,Competitor,Yes
CHN00460,SUB02218,CUST01119,2026-09-30,High Price,No
CHN00461,SUB02222,CUST01092,2026-03-26,Business Closed,No
CHN00462,SUB02224,CUST01942,2025-06-04,Business Closed,No
CHN00463,SUB02227,CUST01908,2025-03-15,Missing Features,No
CHN00464,SUB02235,CUST00771,2024-09-15,Poor Support,No
CHN00465,SUB02240,CUST00254,2024-12-07,Poor Support,No
CHN00466,SUB02245,CUST00986,2024-04-20,Poor Support,No
CHN00467,SUB02248,CUST01422,2024-10-12,Poor Support,No
CHN00468,SUB02250,CUST01608,2024-07-19,High Price,No
CHN00469,SUB02252,CUST00836,2025-11-23,Poor Support,No
CHN00470,SUB02268,CUST00427,2026-09-30,Business Closed,No
CHN00471,SUB02273,CUST00836,2026-04-02,Poor Support,No
CHN00472,SUB02276,CUST00167,2026-07-08,High Price,No
CHN00473,SUB02278,CUST01020,2026-08-09,High Price,No
CHN00474,SUB02280,CUST01936,2026-08-10,Low Usage,No
CHN00475,SUB02281,CUST01846,2026-03-18,Low Usage,No
CHN00476,SUB02283,CUST00112,2025-04-01,Business Closed,No
CHN00477,SUB02288,CUST00651,2024-05-27,Poor Support,No
CHN00478,SUB02295,CUST01438,2026-08-11,High Price,No
CHN00479,SUB02296,CUST00429,2025-02-03,High Price,No
CHN00480,SUB02297,CUST00635,2026-09-30,Missing Features,Yes
CHN00481,SUB02298,CUST00730,2025-11-09,Business Closed,No
CHN00482,SUB02307,CUST00486,2025-12-28,Business Closed,No
CHN00483,SUB02311,CUST01204,2024-07-18,High Price,No
CHN00484,SUB02317,CUST00253,2025-07-15,Poor Support,Yes
CHN00485,SUB02318,CUST00265,2026-07-27,Missing Features,No
CHN00486,SUB02323,CUST01232,2026-07-18,Low Usage,No
CHN00487,SUB02324,CUST01002,2026-09-30,Poor Support,No
CHN00488,SUB02325,CUST01661,2025-05-06,Business Closed,No
CHN00489,SUB02335,CUST00454,2025-04-08,Missing Features,No
CHN00490,SUB02338,CUST01464,2024-10-09,Missing Features,No
CHN00491,SUB02339,CUST01211,2026-09-30,Low Usage,Yes
CHN00492,SUB02355,CUST01123,2025-08-28,Poor Support,No
CHN00493,SUB02356,CUST01866,2026-08-13,Missing Features,Yes
CHN00494,SUB02361,CUST01390,2025-07-04,Missing Features,No
CHN00495,SUB02367,CUST01497,2026-02-15,Poor Support,No
CHN00496,SUB02369,CUST00881,2025-12-24,Low Usage,No
CHN00497,SUB02374,CUST01639,2026-02-28,Missing Features,No
CHN00498,SUB02382,CUST00443,2026-09-15,Missing Features,No
CHN00499,SUB02384,CUST00580,2026-06-07,Low Usage,No
CHN00500,SUB02390,CUST00823,2024-09-20,Poor Support,No
CHN00501,SUB02391,CUST01655,2026-01-18,Missing Features,No
CHN00502,SUB02404,CUST01728,2026-09-30,Business Closed,Yes
CHN00503,SUB02409,CUST01909,2025-08-20,High Price,No
CHN00504,SUB02410,CUST01418,2026-04-07,Missing Features,No
CHN00505,SUB02415,CUST01607,2026-02-25,High Price,No
CHN00506,SUB02418,CUST01981,2024-11-24,Business Closed,Yes
CHN00507,SUB02423,CUST01340,2024-03-27,Competitor,Yes
CHN00508,SUB02426,CUST01330,2025-05-27,Business Closed,No
CHN00509,SUB02429,CUST01982,2026-06-03,High Price,No
CHN00510,SUB02433,CUST00464,2025-10-26,Missing Features,No
CHN00511,SUB02434,CUST00712,2026-01-22,Business Closed,No
CHN00512,SUB02435,CUST00728,2026-09-30,Poor Support,No
CHN00513,SUB02439,CUST01240,2026-05-23,Business Closed,No
CHN00514,SUB02440,CUST00080,2026-05-22,Competitor,Yes
CHN00515,SUB02450,CUST00202,2024-05-21,Missing Features,No
CHN00516,SUB02451,CUST00741,2026-06-15,Missing Features,No
CHN00517,SUB02454,CUST01472,2026-09-30,Business Closed,No
CHN00518,SUB02458,CUST01058,2025-08-10,Missing Features,No
CHN00519,SUB02459,CUST01895,2025-05-28,Competitor,No
CHN00520,SUB02464,CUST01848,2025-07-09,Low Usage,No
CHN00521,SUB02466,CUST01701,2025-06-07,High Price,No
CHN00522,SUB02477,CUST00751,2026-02-19,Business Closed,No
CHN00523,SUB02485,CUST00546,2025-09-25,Poor Support,No
CHN00524,SUB02487,CUST00365,2026-09-30,Competitor,Yes
CHN00525,SUB02492,CUST00739,2026-09-30,Poor Support,Yes
CHN00526,SUB02495,CUST00059,2025-10-15,Poor Support,No
CHN00527,SUB02496,CUST01275,2025-12-24,High Price,No
CHN00528,SUB02497,CUST01871,2026-03-14,Business Closed,No
CHN00529,SUB02508,CUST00605,2025-07-23,Business Closed,No
CHN00530,SUB02509,CUST00256,2025-08-14,High Price,No
CHN00531,SUB02525,CUST01816,2024-07-23,Business Closed,No
CHN00532,SUB02527,CUST00909,2026-05-15,Poor Support,Yes
CHN00533,SUB02529,CUST00566,2025-12-27,Missing Features,No
CHN00534,SUB02531,CUST01733,2026-09-30,Low Usage,Yes
CHN00535,SUB02534,CUST00293,2026-09-30,Business Closed,No
CHN00536,SUB02539,CUST01716,2026-03-17,Missing Features,No
CHN00537,SUB02542,CUST01532,2026-09-30,Competitor,No
CHN00538,SUB02543,CUST01758,2025-05-01,Poor Support,Yes
CHN00539,SUB02549,CUST00960,2025-07-08,Missing Features,Yes
CHN00540,SUB02553,CUST00273,2026-09-06,Business Closed,Yes
CHN00541,SUB02557,CUST00520,2026-02-27,Missing Features,No
CHN00542,SUB02563,CUST01595,2026-09-30,Competitor,No
CHN00543,SUB02567,CUST01951,2026-01-04,Business Closed,No
CHN00544,SUB02585,CUST01053,2026-09-30,Business Closed,No
CHN00545,SUB02602,CUST01289,2024-10-28,Competitor,No
CHN00546,SUB02605,CUST01043,2025-09-06,Low Usage,No
CHN00547,SUB02609,CUST01523,2025-01-20,Competitor,No
CHN00548,SUB02619,CUST01109,2026-04-07,Missing Features,No
CHN00549,SUB02620,CUST01482,2025-07-15,Business Closed,No
CHN00550,SUB02625,CUST01624,2024-09-01,Business Closed,No
CHN00551,SUB02628,CUST01789,2026-05-22,High Price,No
CHN00552,SUB02633,CUST00680,2025-08-25,Business Closed,No
CHN00553,SUB02634,CUST01590,2026-04-28,Low Usage,No
CHN00554,SUB02642,CUST00190,2025-08-07,Poor Support,No
CHN00555,SUB02646,CUST01029,2026-02-21,Competitor,Yes
CHN00556,SUB02651,CUST01830,2025-02-28,Competitor,No
CHN00557,SUB02658,CUST00343,2025-01-04,Poor Support,No
CHN00558,SUB02659,CUST00682,2026-01-12,High Price,No
CHN00559,SUB02668,CUST01276,2025-07-18,Competitor,No
CHN00560,SUB02678,CUST00820,2026-09-30,Low Usage,No
CHN00561,SUB02680,CUST01497,2026-01-12,High Price,Yes
CHN00562,SUB02696,CUST00040,2024-05-01,Missing Features,No
CHN00563,SUB02704,CUST01901,2026-09-30,High Price,Yes
CHN00564,SUB02709,CUST01284,2026-08-01,Business Closed,Yes
CHN00565,SUB02723,CUST00464,2024-08-07,Poor Support,No
CHN00566,SUB02724,CUST00247,2026-09-15,Business Closed,Yes
CHN00567,SUB02726,CUST00373,2026-04-12,Business Closed,No
CHN00568,SUB02730,CUST00559,2025-10-02,Poor Support,No
CHN00569,SUB02731,CUST01670,2024-03-06,Poor Support,No
CHN00570,SUB02732,CUST00108,2025-12-28,Poor Support,No
CHN00571,SUB02737,CUST00821,2026-07-26,Poor Support,No
CHN00572,SUB02739,CUST01296,2024-12-17,Poor Support,No
CHN00573,SUB02744,CUST00256,2025-01-23,Missing Features,No
CHN00574,SUB02751,CUST00553,2026-07-10,High Price,No
CHN00575,SUB02761,CUST01424,2025-04-08,High Price,Yes
CHN00576,SUB02767,CUST00900,2026-09-21,Business Closed,No
CHN00577,SUB02768,CUST00482,2026-09-30,Competitor,No
CHN00578,SUB02773,CUST00849,2026-09-30,Competitor,No
CHN00579,SUB02781,CUST00991,2025-06-20,High Price,No
CHN00580,SUB02782,CUST00798,2025-05-17,Missing Features,Yes
CHN00581,SUB02786,CUST00099,2026-09-30,Competitor,Yes
CHN00582,SUB02787,CUST01266,2025-07-31,Low Usage,No
CHN00583,SUB02789,CUST00610,2026-09-30,Low Usage,No
CHN00584,SUB02793,CUST00920,2025-09-05,High Price,No
CHN00585,SUB02794,CUST00227,2026-08-29,High Price,Yes
CHN00586,SUB02800,CUST01069,2026-09-30,Business Closed,No
CHN00587,SUB02809,CUST01046,2024-12-03,Poor Support,Yes
CHN00588,SUB02810,CUST00172,2025-09-08,Poor Support,No
CHN00589,SUB02829,CUST01700,2025-08-25,Missing Features,Yes
CHN00590,SUB02836,CUST01727,2025-06-16,High Price,Yes
CHN00591,SUB02838,CUST01461,2026-09-30,Low Usage,No
CHN00592,SUB02839,CUST00438,2026-03-18,High Price,No
CHN00593,SUB02841,CUST00375,2026-09-27,Low Usage,No
CHN00594,SUB02844,CUST00986,2025-11-07,Competitor,No
CHN00595,SUB02846,CUST00743,2026-08-18,Competitor,Yes
CHN00596,SUB02849,CUST01670,2024-07-19,Competitor,No
CHN00597,SUB02853,CUST00530,2026-09-30,Poor Support,No
CHN00598,SUB02855,CUST01574,2026-09-30,Competitor,No
CHN00599,SUB02861,CUST00815,2025-08-20,Low Usage,No
CHN00600,SUB02862,CUST00547,2026-04-22,Missing Features,Yes
CHN00601,SUB02865,CUST00828,2026-09-30,High Price,Yes
CHN00602,SUB02866,CUST00602,2025-12-11,Low Usage,No
CHN00603,SUB02867,CUST01332,2025-05-19,Missing Features,No
CHN00604,SUB02885,CUST00484,2026-09-30,Business Closed,No
CHN00605,SUB02886,CUST00680,2024-11-11,Business Closed,No
CHN00606,SUB02890,CUST00589,2024-12-11,Poor Support,No
CHN00607,SUB02896,CUST01974,2024-11-12,Low Usage,No
CHN00608,SUB02897,CUST00011,2025-02-11,High Price,No
CHN00609,SUB02899,CUST00008,2024-08-18,Poor Support,No
CHN00610,SUB02906,CUST00387,2026-05-26,Low Usage,No
CHN00611,SUB02911,CUST01748,2024-10-01,Low Usage,No
CHN00612,SUB02916,CUST01781,2026-09-30,Poor Support,No
CHN00613,SUB02919,CUST00348,2024-11-07,High Price,No
CHN00614,SUB02926,CUST00942,2026-09-30,Competitor,No
CHN00615,SUB02927,CUST01166,2026-03-09,Competitor,No
CHN00616,SUB02932,CUST00592,2026-06-30,Poor Support,Yes
CHN00617,SUB02938,CUST01407,2025-08-30,Low Usage,No
CHN00618,SUB02942,CUST01481,2025-04-25,Poor Support,No
CHN00619,SUB02954,CUST00215,2026-03-15,Business Closed,No
CHN00620,SUB02958,CUST01521,2025-07-11,Business Closed,No
CHN00621,SUB02961,CUST01806,2025-12-31,Low Usage,No
CHN00622,SUB02977,CUST00784,2025-09-01,Low Usage,No
CHN00623,SUB02984,CUST01629,2026-08-18,Low Usage,No
CHN00624,SUB02992,CUST00470,2026-05-19,Missing Features,No
